{"category": "Key Words", "name": "Intermediality", "unique_id": 6969336069, "words": [{"name": "Intertextuality / Intermediality", "parent": 6969336069, "unique_id": 6754354189, "children": []}, {"name": "pastiche", "parent": 6969336069, "unique_id": 1913481418, "children": []}, {"name": "allusion", "parent": 6969336069, "unique_id": 1658686624, "children": []}, {"name": "citation", "parent": 6969336069, "unique_id": 7124675731, "children": []}, {"name": "irony", "parent": 6969336069, "unique_id": 7536933927, "children": []}]}