{"category": "Key Words", "name": "Motives Themes", "unique_id": 5688620824, "words": [{"name": "Motives / Themes", "parent": 5688620824, "unique_id": 3671409813, "children": []}, {"name": "aggression", "parent": 5688620824, "unique_id": 5187628101, "children": []}, {"name": "agitation", "parent": 5688620824, "unique_id": 2883099491, "children": []}, {"name": "alienation", "parent": 5688620824, "unique_id": 2424088160, "children": []}, {"name": "Ausdrucksbewegung", "parent": 5688620824, "unique_id": 3210951330, "children": []}, {"name": "birth", "parent": 5688620824, "unique_id": 8207600594, "children": []}, {"name": "blackmail", "parent": 5688620824, "unique_id": 9397528580, "children": []}, {"name": "ceremony", "parent": 5688620824, "unique_id": 7808821882, "children": []}, {"name": "choreography", "parent": 5688620824, "unique_id": 6802498043, "children": []}, {"name": "climax", "parent": 5688620824, "unique_id": 4810700219, "children": []}, {"name": "competition", "parent": 5688620824, "unique_id": 6698975742, "children": []}, {"name": "confession", "parent": 5688620824, "unique_id": 4007084564, "children": []}, {"name": "contemplation", "parent": 5688620824, "unique_id": 5900809470, "children": []}, {"name": "couleur locale", "parent": 5688620824, "unique_id": 7976201087, "children": []}, {"name": "curse", "parent": 5688620824, "unique_id": 7447152072, "children": []}, {"name": "dance", "parent": 5688620824, "unique_id": 8484791186, "children": []}, {"name": "daughter\u2013father relationship", "parent": 5688620824, "unique_id": 4207217675, "children": []}, {"name": "death sentence", "parent": 5688620824, "unique_id": 1326098982, "children": []}, {"name": "deceit", "parent": 5688620824, "unique_id": 5214391809, "children": []}, {"name": "desorientation", "parent": 5688620824, "unique_id": 8105256936, "children": []}, {"name": "despair", "parent": 5688620824, "unique_id": 8564301081, "children": []}, {"name": "desperation", "parent": 5688620824, "unique_id": 5515993996, "children": []}, {"name": "dichotomy", "parent": 5688620824, "unique_id": 7362340919, "children": []}, {"name": "father-son", "parent": 5688620824, "unique_id": 7862678973, "children": []}, {"name": "femme fatale", "parent": 5688620824, "unique_id": 5986777977, "children": []}, {"name": "foreboding", "parent": 5688620824, "unique_id": 2857031767, "children": []}, {"name": "francit\u00e9", "parent": 5688620824, "unique_id": 7218922930, "children": []}, {"name": "freedom", "parent": 5688620824, "unique_id": 8263015565, "children": []}, {"name": "funeral", "parent": 5688620824, "unique_id": 5475620560, "children": []}, {"name": "gender", "parent": 5688620824, "unique_id": 9594962682, "children": []}, {"name": "guilt", "parent": 5688620824, "unique_id": 4287866717, "children": []}, {"name": "happy end", "parent": 5688620824, "unique_id": 5530440151, "children": []}, {"name": "harrassment", "parent": 5688620824, "unique_id": 1185768955, "children": []}, {"name": "humiliation", "parent": 5688620824, "unique_id": 4634342278, "children": []}, {"name": "lie", "parent": 5688620824, "unique_id": 2749410686, "children": []}, {"name": "mother-daughter conflict", "parent": 5688620824, "unique_id": 2532160558, "children": []}, {"name": "mother-daughter relationship", "parent": 5688620824, "unique_id": 2682856749, "children": []}, {"name": "murder", "parent": 5688620824, "unique_id": 6832464588, "children": []}, {"name": "overwhelming object world", "parent": 5688620824, "unique_id": 5915091877, "children": []}, {"name": "passion", "parent": 5688620824, "unique_id": 8469031341, "children": []}, {"name": "peripety", "parent": 5688620824, "unique_id": 1174443156, "children": []}, {"name": "planting", "parent": 5688620824, "unique_id": 6486832688, "children": []}, {"name": "racial conflict", "parent": 5688620824, "unique_id": 6224314827, "children": []}, {"name": "revenge", "parent": 5688620824, "unique_id": 1960233369, "children": []}, {"name": "revolution", "parent": 5688620824, "unique_id": 9700420383, "children": []}, {"name": "show-down", "parent": 5688620824, "unique_id": 5979400185, "children": []}, {"name": "suspicion", "parent": 5688620824, "unique_id": 1504257091, "children": []}, {"name": "tension", "parent": 5688620824, "unique_id": 6858959005, "children": []}, {"name": "threat", "parent": 5688620824, "unique_id": 9884029348, "children": []}, {"name": "treachery", "parent": 5688620824, "unique_id": 7717598679, "children": []}, {"name": "trial", "parent": 5688620824, "unique_id": 5325833663, "children": []}, {"name": "tumult", "parent": 5688620824, "unique_id": 2182548875, "children": []}, {"name": "turning point", "parent": 5688620824, "unique_id": 1432590643, "children": []}, {"name": "uncertainty", "parent": 5688620824, "unique_id": 3286706945, "children": []}, {"name": "unconsciousness", "parent": 5688620824, "unique_id": 6620502947, "children": []}, {"name": "war", "parent": 5688620824, "unique_id": 2744713100, "children": []}, {"name": "wedding", "parent": 5688620824, "unique_id": 4066913054, "children": []}, {"name": "accident", "parent": 5688620824, "unique_id": 7374207817, "children": []}, {"name": "Achsensprung", "parent": 5688620824, "unique_id": 6733496212, "children": []}, {"name": "arousal", "parent": 5688620824, "unique_id": 1374964430, "children": []}, {"name": "art", "parent": 5688620824, "unique_id": 2418835669, "children": []}, {"name": "birth", "parent": 5688620824, "unique_id": 3668655884, "children": []}, {"name": "chase", "parent": 5688620824, "unique_id": 4966674988, "children": []}, {"name": "colonialism", "parent": 5688620824, "unique_id": 6813722922, "children": []}, {"name": "color", "parent": 5688620824, "unique_id": 2712915198, "children": []}, {"name": "comic relief", "parent": 5688620824, "unique_id": 6275007017, "children": []}, {"name": "compassion", "parent": 5688620824, "unique_id": 9657081770, "children": []}, {"name": "conspiracy", "parent": 5688620824, "unique_id": 6618614250, "children": []}, {"name": "danger", "parent": 5688620824, "unique_id": 6679048948, "children": []}, {"name": "delusion", "parent": 5688620824, "unique_id": 2711993825, "children": []}, {"name": "design", "parent": 5688620824, "unique_id": 2919245274, "children": []}, {"name": "disability", "parent": 5688620824, "unique_id": 3686420414, "children": []}, {"name": "disease", "parent": 5688620824, "unique_id": 9445271125, "children": []}, {"name": "doppelg\u00e4nger", "parent": 5688620824, "unique_id": 1292104156, "children": []}, {"name": "drugs", "parent": 5688620824, "unique_id": 1879727311, "children": []}, {"name": "encounter", "parent": 5688620824, "unique_id": 8847248358, "children": []}, {"name": "entertainment", "parent": 5688620824, "unique_id": 5340627996, "children": []}, {"name": "exhaustion", "parent": 5688620824, "unique_id": 4965521449, "children": []}, {"name": "exotism", "parent": 5688620824, "unique_id": 3398781268, "children": []}, {"name": "experiment", "parent": 5688620824, "unique_id": 2605842819, "children": []}, {"name": "explosion", "parent": 5688620824, "unique_id": 5339873652, "children": []}, {"name": "family", "parent": 5688620824, "unique_id": 5901313362, "children": []}, {"name": "fascination", "parent": 5688620824, "unique_id": 9908308294, "children": []}, {"name": "fashion", "parent": 5688620824, "unique_id": 9912008475, "children": []}, {"name": "fight", "parent": 5688620824, "unique_id": 4388899624, "children": []}, {"name": "food", "parent": 5688620824, "unique_id": 8378377466, "children": []}, {"name": "hurry", "parent": 5688620824, "unique_id": 8307849322, "children": []}, {"name": "idyll", "parent": 5688620824, "unique_id": 3885799422, "children": []}, {"name": "intermediality", "parent": 5688620824, "unique_id": 6292986741, "children": []}, {"name": "lightning", "parent": 5688620824, "unique_id": 1076769508, "children": []}, {"name": "loneliness", "parent": 5688620824, "unique_id": 4581227162, "children": []}, {"name": "mad scientist", "parent": 5688620824, "unique_id": 2456042354, "children": []}, {"name": "madness", "parent": 5688620824, "unique_id": 2178693285, "children": []}, {"name": "magic", "parent": 5688620824, "unique_id": 4775645779, "children": []}, {"name": "metamorphosis", "parent": 5688620824, "unique_id": 6582925528, "children": []}, {"name": "miracle", "parent": 5688620824, "unique_id": 1458619502, "children": []}, {"name": "modernism", "parent": 5688620824, "unique_id": 9983256289, "children": []}, {"name": "mother-son", "parent": 5688620824, "unique_id": 3904068627, "children": []}, {"name": "music", "parent": 5688620824, "unique_id": 1493254168, "children": []}, {"name": "nature *", "parent": 5688620824, "unique_id": 1692258042, "children": []}, {"name": "neighbours", "parent": 5688620824, "unique_id": 9517598608, "children": []}, {"name": "orientalism", "parent": 5688620824, "unique_id": 5588465980, "children": []}, {"name": "pain", "parent": 5688620824, "unique_id": 9871041441, "children": []}, {"name": "party", "parent": 5688620824, "unique_id": 3541392366, "children": []}, {"name": "perception", "parent": 5688620824, "unique_id": 2219614189, "children": []}, {"name": "poster", "parent": 5688620824, "unique_id": 2346573414, "children": []}, {"name": "poverty", "parent": 5688620824, "unique_id": 1156320031, "children": []}, {"name": "public status", "parent": 5688620824, "unique_id": 3601641610, "children": []}, {"name": "religion", "parent": 5688620824, "unique_id": 9047047474, "children": []}, {"name": "rescue", "parent": 5688620824, "unique_id": 7561307543, "children": []}, {"name": "ritual", "parent": 5688620824, "unique_id": 1343425605, "children": []}, {"name": "romance", "parent": 5688620824, "unique_id": 3789704717, "children": []}, {"name": "sarcasm", "parent": 5688620824, "unique_id": 6841532867, "children": []}, {"name": "science", "parent": 5688620824, "unique_id": 9752795290, "children": []}, {"name": "secret", "parent": 5688620824, "unique_id": 2527075299, "children": []}, {"name": "self-reference", "parent": 5688620824, "unique_id": 5557655131, "children": []}, {"name": "tableaux vivants", "parent": 5688620824, "unique_id": 1329622222, "children": []}, {"name": "tabu", "parent": 5688620824, "unique_id": 5119279664, "children": []}, {"name": "theatre", "parent": 5688620824, "unique_id": 4589527209, "children": []}, {"name": "touch", "parent": 5688620824, "unique_id": 1067722583, "children": []}, {"name": "travel", "parent": 5688620824, "unique_id": 7505835218, "children": []}, {"name": "wind", "parent": 5688620824, "unique_id": 6659654278, "children": []}]}